{"cameraMode":{"drawMode":0,"name":"Shaded","section":"Shading Mode"},"sceneLighting":true,"audioPlay":false,"sceneViewState":{"showFog":true,"showMaterialUpdate":false,"showSkybox":true,"showFlares":true,"showImageEffects":true,"showParticleSystems":true},"in2DMode":false,"pivot":{"x":0.0014440938830375672,"y":-0.6939637660980225,"z":-7.512310981750488},"rotation":{"x":-0.04075636342167854,"y":-0.04463741555809975,"z":0.0018329134909436107,"w":-0.9981698989868164},"size":0.7031880617141724,"orthographic":true}