{"cameraMode":{"drawMode":0,"name":"Shaded","section":"Shading Mode"},"sceneLighting":false,"audioPlay":false,"sceneViewState":{"showFog":true,"showMaterialUpdate":false,"showSkybox":true,"showFlares":true,"showImageEffects":true,"showParticleSystems":true},"in2DMode":false,"pivot":{"x":2.358922004699707,"y":9.315899848937989,"z":-0.7909631729125977},"rotation":{"x":0.18536055088043214,"y":-0.5560854077339172,"z":0.12885160744190217,"w":0.7998798489570618},"size":50.225608825683597,"orthographic":false}